<?xml version="1.0" encoding="UTF-8"?>
<project-private xmlns="http://www.netbeans.org/ns/project-private/1">
    <editor-bookmarks xmlns="http://www.netbeans.org/ns/editor-bookmarks/2" lastBookmarkId="0"/>
    <open-files xmlns="http://www.netbeans.org/ns/projectui-open-files/2">
        <group>
            <file>file:/C:/xampp/htdocs/daw2017/daniel/view/templates/admin/add_imagens.php</file>
            <file>file:/C:/xampp/htdocs/daw2017/daniel/view/templates/admin/editar_noticias.php</file>
            <file>file:/C:/xampp/htdocs/daw2017/daniel/view/templates/admin/add_videos.php</file>
            <file>file:/C:/xampp/htdocs/daw2017/daniel/view/templates/admin/add_noticias.php</file>
            <file>file:/C:/xampp/htdocs/daw2017/daniel/controller/AdminImg.php</file>
            <file>file:/C:/xampp/htdocs/daw2017/daniel/view/templates/admin/editar_imagens.php</file>
            <file>file:/C:/xampp/htdocs/daw2017/daniel/controller/Admin.php</file>
            <file>file:/C:/xampp/htdocs/daw2017/daniel/view/templates/admin/editar_videos.php</file>
        </group>
    </open-files>
</project-private>
